gender,depression_mean,depression_relative,age_mean,age_relative
female,0.4356435643564337,0.6913298565840938,0.1816699829789277,0.6913298565840938
male,0.38185285237565536,0.29302477183833114,0.21960370279595012,0.29302477183833114
other,0.5582010582010581,0.014667535853976532,0.12015065913370995,0.014667535853976532
unspecified,0.34920634920634924,0.0009778357235984355,0.23728813559322037,0.0009778357235984355
