TIPI1,depression_mean,depression_relative,age_mean,age_relative
0,0.49814814814814806,0.009778357235984355,0.15932203389830507,0.009778357235984355
1,0.5164267257290512,0.18220338983050846,0.18792638185622026,0.18220338983050846
2,0.44302298033641285,0.17470664928292046,0.19687579053883134,0.17470664928292046
3,0.430550557754588,0.12940026075619296,0.19246040216880855,0.12940026075619296
4,0.45022636775214075,0.09485006518904825,0.17863591356514652,0.09485006518904825
5,0.38921403446543096,0.17503259452411996,0.17839219770855025,0.17503259452411996
6,0.3505129694154082,0.16036505867014342,0.21007303293371893,0.16036505867014342
7,0.3051341480545023,0.07366362451108213,0.20338983050847448,0.07366362451108213
