TIPI3,depression_mean,depression_relative,age_mean,age_relative
0,0.5003968253968253,0.01303780964797914,0.12415254237288134,0.01303780964797914
1,0.5473296957671955,0.06258148631029987,0.18193855932203376,0.06258148631029987
2,0.48290043290043283,0.07170795306388526,0.16818181818181802,0.07170795306388526
3,0.43012708959552837,0.09810951760104303,0.1714060476378174,0.09810951760104303
4,0.4424937202714979,0.09680573663624512,0.15756434400502198,0.09680573663624512
5,0.422782446311858,0.22164276401564537,0.16592721834496518,0.22164276401564537
6,0.38529574350469903,0.2620599739243807,0.21369845686820124,0.2620599739243807
7,0.3819332976636343,0.17405475880052151,0.24144607376372748,0.17405475880052151
