TIPI7,depression_mean,depression_relative,age_mean,age_relative
0,0.4794584500466852,0.01108213820078227,0.1360917248255234,0.01108213820078227
1,0.5104529616724739,0.026727509778357236,0.1513021909880116,0.026727509778357236
2,0.4883891828336272,0.035202086049543675,0.17875078468298794,0.035202086049543675
3,0.4222835672111033,0.06747066492829204,0.17808892164087436,0.06747066492829204
4,0.45292561469032067,0.09973924380704041,0.1720948266312174,0.09973924380704041
5,0.4179471207087487,0.2242503259452412,0.175182301931415,0.2242503259452412
6,0.39665389965510045,0.2715123859191656,0.21061305878283515,0.2715123859191656
7,0.41799921614736374,0.26401564537157757,0.2062146892655367,0.26401564537157757
