depression_mean,depression_relative,age_mean,age_relative
0.4002645502645503,0.1,0.32733,0.06
0.388095238095238,0.1,0.28917,0.06
0.4268518518518517,0.1,0.25783,0.06
0.42910052910052915,0.1,0.31033,0.06
0.42645502645502636,0.1,0.231,0.06
0.4059523809523808,0.1,0.26467,0.06
0.43597883597883597,0.1,0.23233,0.06
0.37698412698412703,0.1,0.27217,0.06
0.4764550264550265,0.1,0.23233,0.06
0.4133597883597883,0.1,0.3135,0.06
