country,depression_mean,depression_relative,age_mean,age_relative
AU,0.10168,0.1,0.33767,0.1
CA,0.10152,0.1,0.309,0.1
DE,0.12049,0.1,0.25883,0.1
GB,0.10631,0.1,0.3055,0.1
ID,0.13111,0.1,0.22867,0.1
IN,0.15375,0.1,0.25583,0.1
MY,0.17439,0.1,0.23,0.1
NZ,0.17949,0.1,0.2695,0.1
PH,0.24824,0.1,0.22133,0.1
US,0.24294,0.1,0.30217,0.1
