country,depression_mean,depression_relative,age_mean,age_relative
AU,0.34802,0.1,0.31167,0.06
CA,0.39656,0.1,0.33467,0.06
DE,0.43492,0.1,0.26283,0.06
GB,0.38862,0.1,0.32517,0.06
ID,0.44735,0.1,0.22467,0.06
IN,0.43598,0.1,0.25517,0.06
MY,0.41495,0.1,0.229,0.06
NZ,0.38902,0.1,0.2715,0.06
PH,0.50516,0.1,0.23917,0.06
US,0.39696,0.1,0.31583,0.06
