country,depression_mean,age_mean,% participants
AU,0.37976,0.35217,0.1
CA,0.38783,0.31567,0.1
DE,0.42725,0.261,0.1
GB,0.35992,0.31967,0.1
ID,0.44034,0.213,0.1
IN,0.48743,0.25333,0.1
MY,0.47169,0.22517,0.1
NZ,0.39802,0.27433,0.1
PH,0.51296,0.22267,0.1
US,0.39127,0.32417,0.1
