,depression_mean,depression_relative,age_mean,age_relative
0,0.09102,0.1,0.333,0.1
1,0.10623,0.1,0.31417,0.1
2,0.11424,0.1,0.25733,0.1
3,0.11587,0.1,0.30817,0.1
4,0.14901,0.1,0.224,0.1
5,0.15753,0.1,0.24767,0.1
6,0.17373,0.1,0.22183,0.1
7,0.16654,0.1,0.2695,0.1
8,0.24766,0.1,0.23267,0.1
9,0.25464,0.1,0.31533,0.1
