depression_mean,depression_relative,age_mean,age_relative
0.3655784399649429,0.21252,0.33816,1.304
0.46567393361544107,0.28977,0.20849,1.778
0.498530276308054,0.0176,0.18111,0.108
0.41768516663327226,0.4648,0.28605,2.852
0.39513677811550163,0.01532,0.31468,0.094
