,depression_mean,depression_relative,age_mean,age_relative
0,0.17062,0.21252,0.33816,0.21252
1,0.2391,0.28977,0.20849,0.28977
2,0.28966,0.0176,0.18111,0.0176
3,0.27621,0.4648,0.28605,0.4648
4,0.28827,0.01532,0.31468,0.01532
