education,depression,percentage
graduate degree,0.36355528460791625,0.2264819587628866
high school,0.45223717506326233,0.2667525773195876
less than high school,0.4688208616780045,0.004510309278350515
university,0.4188151514195244,0.48614690721649484
unspecified,0.3650793650793651,0.01610824742268041
