familysize,depression_mean,age_mean,% participants
0,0.42054,0.26869,0.02738
1,0.4273,0.26524,0.12386
2,0.4215,0.27413,0.37027
3,0.42191,0.27043,0.23598
4,0.4219,0.27772,0.12875
5,0.41438,0.27261,0.06617
6,0.39518,0.28987,0.0251
7,0.45845,0.27843,0.01662
8,0.38272,0.34389,0.00587
