depression_mean,depression_relative,age_mean,age_relative
0.4205404383975814,0.02738,0.26869,0.09333
0.42729741019214657,0.12386,0.26524,0.42222
0.42150122959982106,0.37027,0.27413,1.26222
0.42190651582916816,0.23598,0.27043,0.80444
0.4219007434197306,0.12875,0.27772,0.43889
0.41437954492141676,0.06617,0.27261,0.22556
0.39517625231910947,0.0251,0.28987,0.08556
0.4584500466853406,0.01662,0.27843,0.05667
0.38271604938271603,0.00587,0.34389,0.02
