familysize,depression_mean,depression_relative,age_mean,age_relative
0,0.42054,0.02738,0.26869,0.09333
1,0.4273,0.12386,0.26524,0.42222
2,0.4215,0.37027,0.27413,1.26222
3,0.42191,0.23598,0.27043,0.80444
4,0.4219,0.12875,0.27772,0.43889
5,0.41438,0.06617,0.27261,0.22556
6,0.39518,0.0251,0.28987,0.08556
7,0.45845,0.01662,0.27843,0.05667
8,0.38272,0.00587,0.34389,0.02
