gender,depression_mean,depression_relative,age_mean,age_relative
female,0.43564,0.69133,0.26719,5.3025
male,0.38185,0.29302,0.28957,2.2475
other,0.5582,0.01467,0.23089,0.1125
unspecified,0.34921,0.00098,0.3,0.0075
