,depression_mean,depression_relative,age_mean,age_relative
0,0.25256,0.69133,0.26719,0.69133
1,0.24766,0.29302,0.28957,0.29302
2,0.39655,0.01467,0.23089,0.01467
3,0.28027,0.00098,0.3,0.00098
