gender,depression,percentage
female,0.42678684376976417,0.6791237113402062
male,0.3815390288463146,0.30509020618556704
other,0.5431331953071082,0.014819587628865979
unspecified,0.291005291005291,0.0009664948453608248
