depression_mean,depression_relative,age_mean,age_relative
0.4356435643564337,0.69133,0.26719,5.3025
0.38185285237565536,0.29302,0.28957,2.2475
0.5582010582010581,0.01467,0.23089,0.1125
0.34920634920634924,0.00098,0.3,0.0075
