depression_mean,depression_relative,age_mean,age_relative
0.4761904761904763,0.02347,0.285,0.18
0.42442279942279937,0.08605,0.27163,0.66
0.4194410877014786,0.88625,0.27318,6.7975
0.5122100122100123,0.00424,0.25308,0.0325
