hand,depression_mean,age_mean,% participants
both,0.47619,0.285,0.02347
left,0.42442,0.27163,0.08605
right,0.41944,0.27318,0.88625
unspecified,0.51221,0.25308,0.00424
