hand,depression,percentage
both,0.46769505924435495,0.022873711340206184
left,0.40696649029982357,0.08698453608247422
right,0.4136277056277065,0.8859536082474226
unspecified,0.4829059829059829,0.004188144329896907
