married,depression_mean,depression_relative,age_mean,age_relative
currently,0.20467,0.1646,0.39503,0.1646
never,0.28842,0.77477,0.23593,0.77477
previously,0.311,0.05574,0.43363,0.05574
unspecified,0.3595,0.00489,0.258,0.00489
