married,depression_mean,depression_relative,age_mean,age_relative
currently,0.33874,0.1646,0.39503,1.2625
never,0.43867,0.77477,0.23593,5.9425
previously,0.4263,0.05574,0.43363,0.4275
unspecified,0.45132,0.00489,0.258,0.0375
