married,depression,percentage
currently,0.334505772005772,0.17010309278350516
never,0.4339128564033258,0.760631443298969
previously,0.4031903190319033,0.06507731958762887
unspecified,0.33150183150183155,0.004188144329896907
