depression_mean,depression_relative,age_mean,age_relative
0.3387395882445389,0.1646,0.39503,1.2625
0.43867152806992893,0.77477,0.23593,5.9425
0.4262972245428388,0.05574,0.43363,0.4275
0.45132275132275124,0.00489,0.258,0.0375
