orientation,depression_mean,depression_relative,age_mean,age_relative
asexual,0.49978,0.03488,0.25701,0.03488
bisexual,0.48853,0.13266,0.24287,0.13266
heterosexual,0.39666,0.72295,0.28261,0.72295
homosexual,0.48434,0.04759,0.26315,0.04759
other,0.49092,0.03846,0.24585,0.03846
unspecified,0.45414,0.02347,0.24597,0.02347
