depression_mean,depression_relative,age_mean,age_relative
0.49977748108589237,0.03488,0.25701,0.17833
0.48853398853398805,0.13266,0.24287,0.67833
0.3966643766012542,0.72295,0.28261,3.69667
0.4843444227005869,0.04759,0.26315,0.24333
0.49092009685230015,0.03846,0.24585,0.19667
0.4541446208112874,0.02347,0.24597,0.12
