,depression_mean,depression_relative,age_mean,age_relative
0,0.17758,0.03488,0.25701,0.03488
1,0.19603,0.13266,0.24287,0.13266
2,0.18033,0.72295,0.28261,0.72295
3,0.24421,0.04759,0.26315,0.04759
4,0.28162,0.03846,0.24585,0.03846
5,0.29607,0.02347,0.24597,0.02347
