orientation,depression,percentage
asexual,0.49634920634920654,0.03221649484536082
bisexual,0.46589602024384624,0.1333762886597938
heterosexual,0.393077503472882,0.7251932989690721
homosexual,0.4719169719169719,0.05025773195876289
other,0.49428302394404094,0.03801546391752577
unspecified,0.42405372405372393,0.020940721649484535
