race,depression_mean,depression_relative,age_mean,age_relative
arab,0.15476,0.02445,0.25253,0.02445
asian,0.16424,0.39309,0.23791,0.39309
black,0.15909,0.02999,0.2713,0.02999
indigenous australian,0.20922,0.00065,0.32,0.00065
native american,0.22647,0.00424,0.3,0.00424
other,0.2415,0.10104,0.25103,0.10104
white,0.25792,0.44654,0.31031,0.44654
