race,depression,percentage
arab,0.4695599758890898,0.02545103092783505
asian,0.43182835767003214,0.3540592783505155
black,0.3734472049689441,0.029639175257731958
indigenous australian,0.38359788359788355,0.0009664948453608248
native american,0.42021720969089393,0.006121134020618557
other,0.41871019865031833,0.10760309278350516
white,0.40042313722963174,0.47615979381443296
