race,depression_mean,depression_relative,age_mean,age_relative
arab,0.46741,0.02445,0.25253,0.10714
asian,0.44469,0.39309,0.23791,1.72286
black,0.38613,0.02999,0.2713,0.13143
indigenous australian,0.46032,0.00065,0.32,0.00286
native american,0.44139,0.00424,0.3,0.01857
other,0.41879,0.10104,0.25103,0.44286
white,0.40153,0.44654,0.31031,1.95714
