,depression_mean,depression_relative,age_mean,age_relative
0,0.15476,0.02445,0.25253,0.02445
1,0.16424,0.39309,0.23791,0.39309
2,0.15909,0.02999,0.2713,0.02999
3,0.20922,0.00065,0.32,0.00065
4,0.22647,0.00424,0.3,0.00424
5,0.2415,0.10104,0.25103,0.10104
6,0.25792,0.44654,0.31031,0.44654
