depression_mean,depression_relative,age_mean,age_relative
0.46740740740740744,0.02445,0.25253,0.10714
0.4446879359814671,0.39309,0.23791,1.72286
0.38612836438923387,0.02999,0.2713,0.13143
0.4603174603174603,0.00065,0.32,0.00286
0.4413919413919415,0.00424,0.3,0.01857
0.41879160266257065,0.10104,0.25103,0.44286
0.40152937087243573,0.44654,0.31031,1.95714
