,depression_mean,depression_relative,age_mean,age_relative
0,0.14245,0.01239,0.24684,0.01239
1,0.11847,0.14439,0.30984,0.14439
2,0.12766,0.14896,0.29346,0.14896
3,0.1539,0.11343,0.26713,0.11343
4,0.17381,0.08963,0.25942,0.08963
5,0.19312,0.22262,0.27119,0.22262
6,0.24182,0.15711,0.26087,0.15711
7,0.3205,0.11147,0.24064,0.11147
