TIPI6,depression,percentage
0,0.5447330447330448,0.007087628865979381
1,0.33249158249158267,0.06378865979381443
2,0.3524264897215717,0.07860824742268041
3,0.39899553571428564,0.08247422680412371
4,0.40260466602748496,0.09600515463917526
5,0.3797252234227022,0.19168814432989692
6,0.41258645568990415,0.20554123711340205
7,0.4827034369824524,0.27480670103092786
