depression_mean,depression_relative,age_mean,age_relative
0.49814814814814806,0.00978,0.254,0.0375
0.5164267257290512,0.1822,0.27088,0.69875
0.44302298033641285,0.17471,0.27616,0.67
0.430550557754588,0.1294,0.27355,0.49625
0.45022636775214075,0.09485,0.2654,0.36375
0.38921403446543096,0.17503,0.26525,0.67125
0.3505129694154082,0.16037,0.28394,0.615
0.3051341480545023,0.07366,0.28,0.2825
