TIPI8,depression_mean,depression_relative,age_mean,age_relative
0,0.4931077694235588,0.012385919165580182,0.14719000892060657,0.012385919165580182
1,0.3685549464330503,0.14439374185136897,0.2539694685694612,0.14439374185136897
2,0.3652356639227535,0.14895697522816168,0.2261988651114491,0.14895697522816168
3,0.4037356321839079,0.11342894393741851,0.18157023183323598,0.11342894393741851
4,0.41255411255411223,0.08963494132985658,0.16850539291217248,0.08963494132985658
5,0.4122800901717444,0.2226205997392438,0.1884507531578033,0.2226205997392438
6,0.4632483698873744,0.15710560625814862,0.17096842253323016,0.15710560625814862
7,0.5430010210711961,0.11147327249022164,0.1366835167013579,0.11147327249022164
