,depression_mean,depression_relative,age_mean,age_relative
0,0.14724,0.00978,0.254,0.00978
1,0.17031,0.1822,0.27088,0.1822
2,0.16492,0.17471,0.27616,0.17471
3,0.17879,0.1294,0.27355,0.1294
4,0.20879,0.09485,0.2654,0.09485
5,0.20325,0.17503,0.26525,0.17503
6,0.20273,0.16037,0.28394,0.16037
7,0.19298,0.07366,0.28,0.07366
