TIPI1,depression,percentage
0,0.5113378684807256,0.0067654639175257734
1,0.5166532149582996,0.19007731958762886
2,0.4314058956916097,0.18041237113402062
3,0.4188466947960619,0.12725515463917525
4,0.42680776014109345,0.09278350515463918
5,0.37890812890812914,0.17010309278350516
6,0.34672619047619013,0.15979381443298968
7,0.3065739570164352,0.07280927835051547
