TIPI3,depression,percentage
0,0.4985569985569985,0.010631443298969073
1,0.5406295093795094,0.05670103092783505
2,0.48867182200515547,0.07538659793814433
3,0.42817853213892826,0.0976159793814433
4,0.41862866584056146,0.08666237113402062
5,0.4244366342774448,0.22261597938144329
6,0.37950852160126874,0.2709407216494845
7,0.36999515545296513,0.1794458762886598
