TIPI2,depression_mean,depression_relative,age_mean,age_relative
0,0.48196,0.01076,0.23424,0.04125
1,0.34727,0.11995,0.31291,0.46
2,0.36979,0.12419,0.29152,0.47625
3,0.39501,0.10267,0.27257,0.39375
4,0.41872,0.10137,0.26003,0.38875
5,0.4165,0.27608,0.26916,1.05875
6,0.46657,0.17666,0.259,0.6775
7,0.54818,0.08833,0.25561,0.33875
