TIPI3,depression_mean,depression_relative,age_mean,age_relative
0,0.5004,0.01304,0.23325,0.05
1,0.54733,0.06258,0.26734,0.24
2,0.4829,0.07171,0.25923,0.275
3,0.43013,0.09811,0.26113,0.37625
4,0.44249,0.09681,0.25296,0.37125
5,0.42278,0.22164,0.2579,0.85
6,0.3853,0.26206,0.28608,1.005
7,0.38193,0.17405,0.30245,0.6675
