depression_mean,depression_relative,age_mean,age_relative
0.519106407995297,0.0088,0.23815,0.03375
0.3342918487846026,0.06747,0.29966,0.25875
0.35961877628544303,0.07627,0.28957,0.2925
0.39114322771910326,0.08377,0.2758,0.32125
0.41868248897002885,0.10202,0.26872,0.39125
0.38982659273755127,0.19035,0.2717,0.73
0.4241017259738011,0.20893,0.27413,0.80125
0.490693088829735,0.26239,0.26424,1.00625
