TIPI3,depression_mean,age_mean,% participants
0,0.5004,0.23325,0.01304
1,0.54733,0.26734,0.06258
2,0.4829,0.25923,0.07171
3,0.43013,0.26113,0.09811
4,0.44249,0.25296,0.09681
5,0.42278,0.2579,0.22164
6,0.3853,0.28608,0.26206
7,0.38193,0.30245,0.17405
