depression_mean,depression_relative,age_mean,age_relative
0.4794584500466852,0.01108,0.24029,0.0425
0.5104529616724739,0.02673,0.24927,0.1025
0.4883891828336272,0.0352,0.26546,0.135
0.4222835672111033,0.06747,0.26507,0.25875
0.45292561469032067,0.09974,0.26154,0.3825
0.4179471207087487,0.22425,0.26336,0.86
0.39665389965510045,0.27151,0.28426,1.04125
0.41799921614736374,0.26402,0.28167,1.0125
