TIPI4,depression,percentage
0,0.42926155969634233,0.007409793814432989
1,0.20435510887772215,0.06411082474226804
2,0.25145743145743155,0.08859536082474227
3,0.27855207123499814,0.06604381443298969
4,0.3292929292929294,0.07087628865979381
5,0.3606001304631444,0.23518041237113402
6,0.4647984662029606,0.22938144329896906
7,0.5992277992277999,0.23840206185567012
