TIPI4,depression_mean,depression_relative,age_mean,age_relative
0,0.43101,0.00847,0.23077,0.0325
1,0.21207,0.06877,0.30251,0.26375
2,0.25024,0.08051,0.29765,0.30875
3,0.28439,0.06845,0.28376,0.2625
4,0.33183,0.0704,0.27773,0.27
5,0.36498,0.22947,0.28509,0.88
6,0.46966,0.2311,0.26186,0.88625
7,0.60988,0.24283,0.25372,0.93125
