TIPI5,depression_mean,depression_relative,age_mean,age_relative
0,0.48851,0.00945,0.23448,0.03625
1,0.5936,0.03325,0.26539,0.1275
2,0.51781,0.05085,0.28276,0.195
3,0.49035,0.08735,0.26362,0.335
4,0.45998,0.09974,0.25804,0.3825
5,0.41587,0.22458,0.2644,0.86125
6,0.38159,0.26565,0.28279,1.01875
7,0.38161,0.22914,0.28176,0.87875
