,depression_mean,depression_relative,age_mean,age_relative
0,0.13926,0.01304,0.23325,0.01304
1,0.16934,0.06258,0.26734,0.06258
2,0.16919,0.07171,0.25923,0.07171
3,0.16931,0.09811,0.26113,0.09811
4,0.19411,0.09681,0.25296,0.09681
5,0.20814,0.22164,0.2579,0.22164
6,0.2121,0.26206,0.28608,0.26206
7,0.23241,0.17405,0.30245,0.17405
