TIPI8,depression,percentage
0,0.4767378215654077,0.009342783505154639
1,0.37337819185645293,0.1481958762886598
2,0.35359049005337195,0.14755154639175258
3,0.39351346984934765,0.12661082474226804
4,0.39657029478458017,0.09020618556701031
5,0.4036052131290224,0.22326030927835053
6,0.4659094856031403,0.14722938144329897
7,0.5419399296644806,0.10760309278350516
