TIPI10,depression_mean,age_mean,% participants
0,0.49278,0.24788,0.01076
1,0.40918,0.29453,0.19622
2,0.39215,0.28648,0.1822
3,0.39968,0.27254,0.18123
4,0.43084,0.25547,0.14244
5,0.42844,0.26081,0.13722
6,0.45533,0.26086,0.08768
7,0.51463,0.25937,0.06226
