TIPI1,depression_mean,age_mean,% participants
0,0.49815,0.254,0.00978
1,0.51643,0.27088,0.1822
2,0.44302,0.27616,0.17471
3,0.43055,0.27355,0.1294
4,0.45023,0.2654,0.09485
5,0.38921,0.26525,0.17503
6,0.35051,0.28394,0.16037
7,0.30513,0.28,0.07366
