depression_mean,depression_relative,age_mean,age_relative
0.4819624819624819,0.01076,0.23424,0.04125
0.34726535541752945,0.11995,0.31291,0.46
0.36978710994459,0.12419,0.29152,0.47625
0.39501133786848086,0.10267,0.27257,0.39375
0.4187209717756341,0.10137,0.26003,0.38875
0.4165026892299621,0.27608,0.26916,1.05875
0.4665700228430854,0.17666,0.259,0.6775
0.5481754817548173,0.08833,0.25561,0.33875
