TIPI5,depression,percentage
0,0.49603174603174605,0.007087628865979381
1,0.6021109474717722,0.03125
2,0.5150987224157955,0.05283505154639175
3,0.46695238095238084,0.08054123711340207
4,0.44210715569938863,0.09954896907216494
5,0.41487310555107176,0.22809278350515463
6,0.3791813463651173,0.2699742268041237
7,0.37460095770151636,0.23067010309278352
