TIPI9,depression,percentage
0,0.48196248196248204,0.007087628865979381
1,0.6265262515262514,0.13402061855670103
2,0.5144825646794152,0.163659793814433
3,0.433631721422419,0.16623711340206185
4,0.410307898259705,0.13369845360824742
5,0.33807038797254074,0.1646262886597938
6,0.27996603305245293,0.1565721649484536
7,0.22346445824706704,0.0740979381443299
