TIPI4,depression_mean,depression_relative,age_mean,age_relative
0,0.14591,0.00847,0.23077,0.00847
1,0.07946,0.06877,0.30251,0.06877
2,0.09866,0.08051,0.29765,0.08051
3,0.11925,0.06845,0.28376,0.06845
4,0.1495,0.0704,0.27773,0.0704
5,0.17915,0.22947,0.28509,0.22947
6,0.25367,0.2311,0.26186,0.2311
7,0.3729,0.24283,0.25372,0.24283
