,depression_mean,depression_relative,age_mean,age_relative
0,0.13988,0.01076,0.24788,0.01076
1,0.12907,0.19622,0.29453,0.19622
2,0.13569,0.1822,0.28648,0.1822
3,0.15176,0.18123,0.27254,0.18123
4,0.1806,0.14244,0.25547,0.14244
5,0.20064,0.13722,0.26081,0.13722
6,0.23869,0.08768,0.26086,0.08768
7,0.30434,0.06226,0.25937,0.06226
