TIPI9,depression_mean,depression_relative,age_mean,age_relative
0,0.47354,0.0088,0.24481,0.0088
1,0.63335,0.13527,0.25805,0.13527
2,0.51713,0.16428,0.26139,0.16428
3,0.44568,0.16982,0.26512,0.16982
4,0.40254,0.14537,0.26525,0.14537
5,0.35221,0.15841,0.27656,0.15841
6,0.2764,0.14635,0.29984,0.14635
7,0.2281,0.07171,0.30636,0.07171
