TIPI10,depression,percentage
0,0.4974603174603175,0.008054123711340205
1,0.40701884920634884,0.20618556701030927
2,0.39140234407015806,0.1871778350515464
3,0.39224898132944114,0.16817010309278352
4,0.4277882205513785,0.14690721649484537
5,0.4120434581599626,0.1327319587628866
6,0.43815896188158965,0.08827319587628867
7,0.4993045328096874,0.0625
