TIPI10,depression_mean,depression_relative,age_mean,age_relative
0,0.49278,0.01076,0.24788,0.04125
1,0.40918,0.19622,0.29453,0.7525
2,0.39215,0.1822,0.28648,0.69875
3,0.39968,0.18123,0.27254,0.695
4,0.43084,0.14244,0.25547,0.54625
5,0.42844,0.13722,0.26081,0.52625
6,0.45533,0.08768,0.26086,0.33625
7,0.51463,0.06226,0.25937,0.23875
