TIPI5,depression_mean,age_mean,% participants
0,0.48851,0.23448,0.00945
1,0.5936,0.26539,0.03325
2,0.51781,0.28276,0.05085
3,0.49035,0.26362,0.08735
4,0.45998,0.25804,0.09974
5,0.41587,0.2644,0.22458
6,0.38159,0.28279,0.26565
7,0.38161,0.28176,0.22914
