TIPI8,depression_mean,depression_relative,age_mean,age_relative
0,0.49311,0.01239,0.24684,0.01239
1,0.36855,0.14439,0.30984,0.14439
2,0.36524,0.14896,0.29346,0.14896
3,0.40374,0.11343,0.26713,0.11343
4,0.41255,0.08963,0.25942,0.08963
5,0.41228,0.22262,0.27119,0.22262
6,0.46325,0.15711,0.26087,0.15711
7,0.543,0.11147,0.24064,0.11147
