depression_mean,depression_relative,age_mean,age_relative
0.4927849927849928,0.01076,0.24788,0.04125
0.40917840004218714,0.19622,0.29453,0.7525
0.39215435727063624,0.1822,0.28648,0.69875
0.39968025579536387,0.18123,0.27254,0.695
0.4308415967454871,0.14244,0.25547,0.54625
0.4284394676318663,0.13722,0.26081,0.52625
0.45533132707853924,0.08768,0.26086,0.33625
0.5146264439458156,0.06226,0.25937,0.23875
