depression_mean,depression_relative,age_mean,age_relative
0.48850574712643674,0.00945,0.23448,0.03625
0.5936041083099904,0.03325,0.26539,0.1275
0.5178062678062678,0.05085,0.28276,0.195
0.4903458895996209,0.08735,0.26362,0.335
0.4599802884116608,0.09974,0.25804,0.3825
0.41586610454535,0.22458,0.2644,0.86125
0.3815853539779918,0.26565,0.28279,1.01875
0.3816071710808553,0.22914,0.28176,0.87875
