TIPI6,depression_mean,depression_relative,age_mean,age_relative
0,0.51911,0.0088,0.23815,0.03375
1,0.33429,0.06747,0.29966,0.25875
2,0.35962,0.07627,0.28957,0.2925
3,0.39114,0.08377,0.2758,0.32125
4,0.41868,0.10202,0.26872,0.39125
5,0.38983,0.19035,0.2717,0.73
6,0.4241,0.20893,0.27413,0.80125
7,0.49069,0.26239,0.26424,1.00625
