TIPI2,depression,percentage
0,0.5317460317460317,0.007087628865979381
1,0.3588288510568304,0.12435567010309279
2,0.35839108726432667,0.13724226804123713
3,0.3954772079772081,0.10051546391752578
4,0.41660367850844005,0.1014819587628866
5,0.40901293217207707,0.2712628865979381
6,0.4483446712018138,0.16913659793814434
7,0.5419254658385093,0.08891752577319588
