TIPI2,depression_mean,age_mean,% participants
0,0.48196,0.23424,0.01076
1,0.34727,0.31291,0.11995
2,0.36979,0.29152,0.12419
3,0.39501,0.27257,0.10267
4,0.41872,0.26003,0.10137
5,0.4165,0.26916,0.27608
6,0.46657,0.259,0.17666
7,0.54818,0.25561,0.08833
