TIPI7,depression_mean,depression_relative,age_mean,age_relative
0,0.1337,0.01108,0.24029,0.01108
1,0.15753,0.02673,0.24927,0.02673
2,0.16914,0.0352,0.26546,0.0352
3,0.16443,0.06747,0.26507,0.06747
4,0.19604,0.09974,0.26154,0.09974
5,0.20354,0.22425,0.26336,0.22425
6,0.21569,0.27151,0.28426,0.27151
7,0.2521,0.26402,0.28167,0.26402
