depression_mean,depression_relative,age_mean,age_relative
0.431013431013431,0.00847,0.23077,0.0325
0.2120665011660274,0.06877,0.30251,0.26375
0.25024098708309256,0.08051,0.29765,0.30875
0.2843915343915346,0.06845,0.28376,0.2625
0.33182686654908894,0.0704,0.27773,0.27
0.36497790404040414,0.22947,0.28509,0.88
0.46966440548951127,0.2311,0.26186,0.88625
0.6098753595397898,0.24283,0.25372,0.93125
