TIPI7,depression,percentage
0,0.525946275946276,0.008376288659793814
1,0.5253394530502964,0.026739690721649483
2,0.47713209577616356,0.03801546391752577
3,0.4242353852109948,0.06604381443298969
4,0.436119436119436,0.09213917525773196
5,0.41125014482678723,0.22068298969072164
6,0.39244663382594464,0.2802835051546392
7,0.4072545985903382,0.26771907216494845
