depression_mean,depression_relative,age_mean,age_relative
0.47354497354497355,0.0088,0.24481,0.03375
0.6333524574488428,0.13527,0.25805,0.51875
0.5171327790375413,0.16428,0.26139,0.63
0.4456783353136516,0.16982,0.26512,0.65125
0.4025375471563806,0.14537,0.26525,0.5575
0.35221111764321644,0.15841,0.27656,0.6075
0.27639905256831776,0.14635,0.29984,0.56125
0.2281024531024532,0.07171,0.30636,0.275
