depression_mean,depression_relative,age_mean,age_relative
0.5003968253968253,0.01304,0.23325,0.05
0.5473296957671955,0.06258,0.26734,0.24
0.48290043290043283,0.07171,0.25923,0.275
0.43012708959552837,0.09811,0.26113,0.37625
0.4424937202714979,0.09681,0.25296,0.37125
0.422782446311858,0.22164,0.2579,0.85
0.38529574350469903,0.26206,0.28608,1.005
0.3819332976636343,0.17405,0.30245,0.6675
