TIPI6,depression_mean,depression_relative,age_mean,age_relative
0,0.15601,0.0088,0.23815,0.0088
1,0.11277,0.06747,0.29966,0.06747
2,0.13111,0.07627,0.28957,0.07627
3,0.15557,0.08377,0.2758,0.08377
4,0.18373,0.10202,0.26872,0.10202
5,0.19074,0.19035,0.2717,0.19035
6,0.2299,0.20893,0.27413,0.20893
7,0.2973,0.26239,0.26424,0.26239
