TIPI7,depression_mean,depression_relative,age_mean,age_relative
0,0.47946,0.01108,0.24029,0.01108
1,0.51045,0.02673,0.24927,0.02673
2,0.48839,0.0352,0.26546,0.0352
3,0.42228,0.06747,0.26507,0.06747
4,0.45293,0.09974,0.26154,0.09974
5,0.41795,0.22425,0.26336,0.22425
6,0.39665,0.27151,0.28426,0.27151
7,0.418,0.26402,0.28167,0.26402
