TIPI4,depression_mean,age_mean,% participants
0,0.43101,0.23077,0.00847
1,0.21207,0.30251,0.06877
2,0.25024,0.29765,0.08051
3,0.28439,0.28376,0.06845
4,0.33183,0.27773,0.0704
5,0.36498,0.28509,0.22947
6,0.46966,0.26186,0.2311
7,0.60988,0.25372,0.24283
