urban,depression_mean,depression_relative,age_mean,age_relative
rural,0.42432230000288085,0.17959582790091264,0.20877295518164218,0.17959582790091264
suburban,0.4106742831541221,0.32333767926988266,0.20653362493165653,0.32333767926988266
unspecified,0.44488536155202824,0.005867014341590613,0.24764595103578158,0.005867014341590613
urban,0.42750760998936027,0.4911994784876141,0.17550864328050994,0.4911994784876141
