urban,depression_mean,age_mean,% participants
rural,0.42432,0.28318,0.1796
suburban,0.41067,0.28185,0.32334
unspecified,0.44489,0.30611,0.00587
urban,0.42751,0.26355,0.4912
