urban,depression,percentage
rural,0.4236961451247167,0.18041237113402062
suburban,0.40791872304477356,0.34503865979381443
unspecified,0.47763347763347747,0.007087628865979381
urban,0.41501208799623573,0.46746134020618557
