urban,depression_mean,depression_relative,age_mean,age_relative
rural,0.24852,0.1796,0.28318,0.1796
suburban,0.26814,0.32334,0.28185,0.32334
unspecified,0.32028,0.00587,0.30611,0.00587
urban,0.3381,0.4912,0.26355,0.4912
