urban,depression_mean,depression_relative,age_mean,age_relative
rural,0.42432,0.1796,0.28318,1.3775
suburban,0.41067,0.32334,0.28185,2.48
unspecified,0.44489,0.00587,0.30611,0.045
urban,0.42751,0.4912,0.26355,3.7675
