depression_mean,depression_relative,age_mean,age_relative
0.42432230000288085,0.1796,0.28318,1.3775
0.4106742831541221,0.32334,0.28185,2.48
0.44488536155202824,0.00587,0.30611,0.045
0.42750760998936027,0.4912,0.26355,3.7675
